locality_code,locality_name,locality_form,population,index_value,cluster,locality_norm
528.0,עוזייר,290,3047.0,-1.679,1.0,עוזייר
539.0,רומאנה,450,1129.0,-1.566,2.0,רומאנה
997.0,רומת הייב,450,1882.0,-1.237,2.0,רומת הייב
993.0,חמאם,450,1410.0,-0.738,3.0,חמאם
1346.0,תרבין א-צאנע (יישוב)*,450,437.0,-3.103,1.0,תרבין א-צאנע *
1360.0,מולדה*,450,295.0,-2.856,1.0,מולדה*
1358.0,אום בטין,290,3080.0,-2.508,1.0,אום בטין
1359.0,אל סייד,290,3384.0,-2.288,1.0,אל סייד
1343.0,מכחול,450,395.0,-2.205,1.0,מכחול
1367.0,כחלה,450,145.0,-1.366,2.0,כחלה
1349.0,דריג'את,450,1065.0,-1.191,2.0,דריג את
360.0,"גבעת ניל""י",310,733.0,0.859,7.0,גבעת ניל י
679.0,אביאל,310,817.0,1.226,8.0,אביאל
773.0,עמיקם,310,707.0,1.297,8.0,עמיקם
1366.0,נווה,310,1066.0,-1.617,1.0,נווה
1085.0,כרם שלום,330,119.0,-1.228,2.0,כרם שלום
1363.0,בני נצרים,310,544.0,-0.838,3.0,בני נצרים
399.0,בארי,330,984.0,-0.488,3.0,בארי
1364.0,שלומית,370,201.0,-0.465,3.0,שלומית
413.0,צאלים,330,441.0,-0.296,4.0,צאלים
403.0,אורים,330,470.0,-0.232,4.0,אורים
713.0,רעים,330,403.0,-0.002,5.0,רעים
695.0,מגן,330,551.0,0.038,5.0,מגן
676.0,עין השלושה,330,300.0,0.085,5.0,עין השלושה
69.0,ניר עוז,330,395.0,0.188,6.0,ניר עוז
840.0,כיסופים,330,235.0,0.233,6.0,כיסופים
402.0,ניר יצחק,330,628.0,0.274,6.0,ניר יצחק
1311.0,אבשלום,370,258.0,0.301,6.0,אבשלום
1239.0,חולית,330,147.0,0.354,6.0,חולית
1136.0,צוחר,350,419.0,0.496,6.0,צוחר
352.0,גבולות,330,299.0,0.681,7.0,גבולות
1231.0,פרי גן,310,226.0,0.761,7.0,פרי גן
602.0,נירים,330,357.0,0.809,7.0,נירים
1241.0,דקל,310,311.0,0.822,7.0,דקל
829.0,מבטחים,310,406.0,0.852,7.0,מבטחים
1223.0,שדי אברהם,310,341.0,0.897,7.0,שדי אברהם
1232.0,יבול,310,350.0,0.997,8.0,יבול
1046.0,אוהד,310,404.0,1.055,8.0,אוהד
1227.0,יתד,310,326.0,1.055,8.0,יתד
1238.0,סופה,330,234.0,1.091,8.0,סופה
1051.0,תלמי אליהו,310,303.0,1.15,8.0,תלמי אליהו
318.0,עמיעוז,310,196.0,1.226,8.0,עמיעוז
1240.0,עין הבשור,310,1127.0,1.306,8.0,עין הבשור
1237.0,תלמי יוסף,310,304.0,1.315,8.0,תלמי יוסף
916.0,ישע,310,368.0,1.385,8.0,ישע
1058.0,שדה ניצן,310,318.0,1.631,9.0,שדה ניצן
2006.0,כנות,340,355.0,-2.378,1.0,כנות
739.0,שדה עוזיהו,310,1465.0,-0.113,5.0,שדה עוזיהו
2011.0,ינון,310,1116.0,0.275,6.0,ינון
817.0,עזריקם,310,1377.0,0.423,6.0,עזריקם
763.0,שתולים,310,1975.0,0.431,6.0,שתולים
793.0,גבעתי,310,955.0,0.478,6.0,גבעתי
756.0,בית עזרא,310,1090.0,0.742,7.0,בית עזרא
700.0,חצב,310,1404.0,0.742,7.0,חצב
406.0,חצור-אשדוד,330,545.0,0.923,7.0,חצור-אשדוד
727.0,תלמי יחיאל,310,978.0,1.034,8.0,תלמי יחיאל
772.0,אמונים,310,934.0,1.073,8.0,אמונים
1157.0,אחווה,350,159.0,1.085,8.0,אחווה
1149.0,עזר,350,837.0,1.093,8.0,עזר
320.0,כפר ורבורג,310,1130.0,1.176,8.0,כפר ורבורג
690.0,כפר אחים,310,795.0,1.262,8.0,כפר אחים
2012.0,אורות,310,498.0,1.27,8.0,אורות
827.0,נווה מבטח,310,642.0,1.285,8.0,נווה מבטח
819.0,אביגדור,310,763.0,1.316,8.0,אביגדור
553.0,ניר בנים,310,705.0,1.344,8.0,ניר בנים
155.0,באר טוביה,310,1030.0,1.344,8.0,באר טוביה
593.0,ערוגות,310,1124.0,1.395,8.0,ערוגות
234.0,ביצרון,310,1221.0,1.584,8.0,ביצרון
163.0,תימורים,320,775.0,1.59,8.0,תימורים
512.0,כפר מצר,290,2595.0,-1.08,2.0,כפר מצר
475.0,דחי,450,636.0,-0.956,2.0,דחי
523.0,ניין,450,1766.0,-0.886,2.0,ניין
526.0,סולם,290,2467.0,-0.854,3.0,סולם
1265.0,שומרייה,330,623.0,-0.811,3.0,שומרייה
397.0,חצרים,330,786.0,-0.279,4.0,חצרים
2060.0,ברוש,310,439.0,0.541,7.0,ברוש
2061.0,תדהר,310,534.0,0.615,7.0,תדהר
1198.0,כרמים,330,391.0,0.617,7.0,כרמים
396.0,נבטים,310,825.0,0.621,7.0,נבטים
394.0,שובל,330,640.0,0.645,7.0,שובל
2023.0,להב,330,469.0,0.76,7.0,להב
2062.0,תאשור,310,411.0,0.906,7.0,תאשור
395.0,משמר הנגב,330,868.0,1.011,8.0,משמר הנגב
849.0,דבירה,330,797.0,1.036,8.0,דבירה
1344.0,גבעות בר,370,815.0,1.326,8.0,גבעות בר
598.0,בית קמה,330,1286.0,1.48,8.0,בית קמה
144.0,גן שלמה,330,518.0,0.853,7.0,גן שלמה
147.0,גבעת ברנר,193,2603.0,1.214,8.0,גבעת ברנר
562.0,בית אלעזרי,310,1494.0,1.218,8.0,בית אלעזרי
615.0,קדרון,310,1560.0,1.57,8.0,קדרון
685.0,בניה,310,792.0,1.682,9.0,בניה
196.0,גיבתון,350,327.0,1.696,9.0,גיבתון
1072.0,גן הדרום,310,563.0,1.258,8.0,גן הדרום
555.0,שדמה,310,604.0,1.377,8.0,שדמה
765.0,משגב דב,310,666.0,1.6,8.0,משגב דב
857.0,כפר אביב,310,804.0,1.65,9.0,כפר אביב
731.0,מישר,310,804.0,1.739,9.0,מישר
591.0,עשרת,350,970.0,1.771,9.0,עשרת
764.0,כפר מרדכי,310,655.0,1.853,9.0,כפר מרדכי
4010.0,אודם,320,,,,אודם
4005.0,חספין,370,1739.0,-0.791,3.0,חספין
4006.0,קשת,320,763.0,-0.633,3.0,קשת
4014.0,נטור,310,567.0,-0.567,3.0,נטור
4017.0,אלוני הבשן,320,368.0,-0.519,3.0,אלוני הבשן
4304.0,נוב,310,858.0,-0.345,4.0,נוב
4019.0,מיצר,330,211.0,-0.242,4.0,מיצר
4007.0,יונתן,320,601.0,-0.127,5.0,יונתן
4701.0,רמת מגשימים,320,637.0,0.114,5.0,רמת מגשימים
4011.0,אבני איתן,310,633.0,0.116,5.0,אבני איתן
4013.0,אורטל,330,321.0,0.157,6.0,אורטל
4024.0,קלע,370,224.0,0.234,6.0,קלע
4003.0,אל -רום,330,338.0,0.419,6.0,אל -רום
4015.0,בני יהודה,370,1040.0,0.438,6.0,בני יהודה
4004.0,כפר חרוב,330,357.0,0.536,7.0,כפר חרוב
4503.0,עין זיוון,330,280.0,0.55,7.0,עין זיוון
4012.0,אניעם,310,503.0,0.589,7.0,אניעם
4026.0,חד-נס,370,827.0,0.696,7.0,חד-נס
4101.0,מרום גולן,330,675.0,0.741,7.0,מרום גולן
4204.0,מבוא חמה,330,344.0,0.755,7.0,מבוא חמה
4002.0,אלי-עד,310,350.0,0.814,7.0,אלי-עד
4021.0,גבעת יואב,310,662.0,0.832,7.0,גבעת יואב
4551.0,נאות גולן,310,534.0,0.833,7.0,נאות גולן
4022.0,גשור,330,264.0,0.908,7.0,גשור
4301.0,אפיק,330,277.0,0.931,7.0,אפיק
4009.0,שעל,310,256.0,1.072,8.0,שעל
4028.0,כנף,310,419.0,1.112,8.0,כנף
4025.0,קדמת צבי,310,359.0,1.208,8.0,קדמת צבי
4702.0,רמות,310,489.0,1.235,8.0,רמות
4303.0,"נווה אטי""ב",310,124.0,1.376,8.0,נווה אטי ב
4008.0,מעלה גמלא,310,441.0,1.545,8.0,מעלה גמלא
3653.0,מעלה עמוס,370,384.0,-1.103,2.0,מעלה עמוס
3794.0,בת עין,370,1226.0,-1.011,2.0,בת עין
3754.0,אספר,370,583.0,-0.902,2.0,אספר
3488.0,כפר עציון,330,1071.0,-0.736,3.0,כפר עציון
3561.0,מגדל עוז,330,439.0,-0.642,3.0,מגדל עוז
3766.0,כרמי צור,370,1036.0,-0.167,5.0,כרמי צור
3563.0,תקוע,190,3495.0,-0.031,5.0,תקוע
3726.0,נוקדים,370,1937.0,0.065,5.0,נוקדים
3602.0,ראש צורים,330,915.0,0.19,6.0,ראש צורים
3604.0,אלון שבות,190,3201.0,0.205,6.0,אלון שבות
3618.0,אלעזר,190,2577.0,0.342,6.0,אלעזר
3725.0,נווה דניאל,190,2275.0,0.515,7.0,נווה דניאל
3781.0,קדר,370,1490.0,0.549,7.0,קדר
3603.0,הר גילה,370,1505.0,0.864,7.0,הר גילה
856.0,שעלבים,330,1764.0,-0.736,3.0,שעלבים
711.0,עזריה,310,1193.0,0.396,6.0,עזריה
759.0,יציץ,310,770.0,0.431,6.0,יציץ
838.0,פדיה,310,806.0,0.519,7.0,פדיה
158.0,נען,330,1532.0,0.59,7.0,נען
370.0,גזר,330,273.0,0.645,7.0,גזר
839.0,פתחיה,310,890.0,0.669,7.0,פתחיה
757.0,מצליח,310,1302.0,0.722,7.0,מצליח
64.0,"יד רמב""ם",310,1044.0,0.723,7.0,יד רמב ם
828.0,ישרש,310,922.0,0.903,7.0,ישרש
301.0,בית עוזיאל,310,599.0,0.952,7.0,בית עוזיאל
1333.0,נוף איילון,190,2129.0,0.99,8.0,נוף איילון
435.0,נצר סרני,330,718.0,1.065,8.0,נצר סרני
862.0,גני יוחנן,310,618.0,1.129,8.0,גני יוחנן
1050.0,בית חשמונאי,190,2171.0,1.444,8.0,בית חשמונאי
670.0,משמר איילון,310,514.0,1.533,8.0,משמר איילון
735.0,רמות מאיר,310,770.0,1.536,8.0,רמות מאיר
743.0,כפר שמואל,310,864.0,1.662,9.0,כפר שמואל
610.0,סתרייה,310,1022.0,1.665,9.0,סתרייה
2010.0,כפר בן נון,310,647.0,1.685,9.0,כפר בן נון
160.0,חולדה,330,913.0,1.752,9.0,חולדה
177.0,"כפר ביל""ו",310,1254.0,1.793,9.0,כפר ביל ו
563.0,משמר דוד,330,700.0,1.874,9.0,משמר דוד
1103.0,גני הדר,350,278.0,1.951,9.0,גני הדר
1264.0,כרמי יוסף,350,1674.0,2.306,9.0,כרמי יוסף
156.0,עיינות,340,340.0,-1.624,1.0,עיינות
597.0,פלמחים,330,604.0,1.245,8.0,פלמחים
159.0,בית חנן,310,573.0,1.443,8.0,בית חנן
311.0,גן שורק,310,677.0,1.476,8.0,גן שורק
853.0,גאליה,310,992.0,1.506,8.0,גאליה
582.0,כפר הנגיד,310,1223.0,1.706,9.0,כפר הנגיד
174.0,נטעים,310,593.0,1.856,9.0,נטעים
202.0,בית עובד,310,309.0,1.914,9.0,בית עובד
1336.0,אירוס,370,211.0,2.269,9.0,אירוס
1076.0,בית ברל,340,,,,בית ברל
718.0,ירחיב,310,956.0,0.555,7.0,ירחיב
841.0,אלישמע,310,1212.0,0.597,7.0,אלישמע
184.0,רמת הכובש,330,1049.0,0.624,7.0,רמת הכובש
686.0,נווה ימין,310,1162.0,0.812,7.0,נווה ימין
705.0,נחשונים,330,332.0,0.826,7.0,נחשונים
716.0,אייל,330,482.0,0.955,7.0,אייל
808.0,ניר אליהו,330,505.0,0.961,7.0,ניר אליהו
355.0,חורשים,330,311.0,1.057,8.0,חורשים
870.0,גבעת השלושה,330,783.0,1.162,8.0,גבעת השלושה
871.0,עינת,330,786.0,1.282,8.0,עינת
1148.0,צור נתן,320,296.0,1.344,8.0,צור נתן
128.0,גת רימון,350,300.0,1.39,8.0,גת רימון
717.0,חגור,310,1135.0,1.424,8.0,חגור
2015.0,שדי חמד,310,1021.0,1.471,8.0,שדי חמד
249.0,כפר סירקין,310,1333.0,1.473,8.0,כפר סירקין
1345.0,צור יצחק,190,4246.0,1.482,8.0,צור יצחק
1315.0,מתן,190,3613.0,1.501,8.0,מתן
230.0,מעש,310,838.0,1.591,8.0,מעש
98.0,"כפר מל""ל",310,328.0,1.666,9.0,כפר מל ל
858.0,נווה ירק,310,1353.0,1.684,9.0,נווה ירק
206.0,רמות השבים,350,1651.0,1.689,9.0,רמות השבים
284.0,שדה ורבורג,310,1483.0,1.746,9.0,שדה ורבורג
218.0,גני עם,350,240.0,1.756,9.0,גני עם
207.0,"גבעת ח""ן",310,362.0,1.759,9.0,גבעת ח ן
198.0,צופית,310,1302.0,1.805,9.0,צופית
2035.0,עדנים,310,479.0,1.815,9.0,עדנים
239.0,גן חיים,310,816.0,1.828,9.0,גן חיים
722.0,מגשימים,310,1064.0,1.829,9.0,מגשימים
183.0,ירקונה,310,399.0,1.995,9.0,ירקונה
1236.0,נירית,370,1169.0,2.213,9.0,נירית
547.0,טמרה (יזרעאל),450,1513.0,-1.201,2.0,טמרה
635.0,מוקייבלה,290,3719.0,-1.052,2.0,מוקייבלה
497.0,טייבה (בעמק),450,1751.0,-1.036,2.0,טייבה
524.0,נאעורה,290,2131.0,-0.892,2.0,נאעורה
86.0,גבע,330,625.0,-0.616,3.0,גבע
95.0,בית אלפא,330,853.0,-0.552,3.0,בית אלפא
636.0,צנדלה,450,1572.0,-0.5,3.0,צנדלה
452.0,יזרעאל,330,566.0,-0.368,4.0,יזרעאל
89.0,עין חרוד (איחוד),330,529.0,-0.349,4.0,עין חרוד
145.0,גדיש,310,399.0,-0.251,4.0,גדיש
113.0,אדירים,310,267.0,0.011,5.0,אדירים
1110.0,חבר,350,429.0,0.234,6.0,חבר
82.0,עין חרוד (מאוחד),330,735.0,0.249,6.0,עין חרוד
1155.0,מגן שאול,310,614.0,0.253,6.0,מגן שאול
2052.0,אביטל,310,499.0,0.319,6.0,אביטל
164.0,מלאה,310,390.0,0.333,6.0,מלאה
84.0,תל יוסף,330,533.0,0.399,6.0,תל יוסף
90.0,חפצי-בה,330,519.0,0.403,6.0,חפצי-בה
1108.0,אומן,350,327.0,0.436,6.0,אומן
2053.0,פרזון,310,320.0,0.526,7.0,פרזון
442.0,גדעונה,350,411.0,0.528,7.0,גדעונה
2054.0,מיטב,310,461.0,0.622,7.0,מיטב
165.0,ניר יפה,310,678.0,0.635,7.0,ניר יפה
141.0,ברק,310,422.0,0.661,7.0,ברק
242.0,בית השיטה,330,1202.0,0.755,7.0,בית השיטה
269.0,מולדת,320,979.0,0.88,7.0,מולדת
1274.0,גן נר,190,2643.0,0.882,7.0,גן נר
146.0,דבורה,310,227.0,0.928,7.0,דבורה
1069.0,רם-און,310,996.0,1.108,8.0,רם-און
339.0,רמת צבי,310,592.0,1.341,8.0,רמת צבי
85.0,כפר יחזקאל,310,1051.0,1.365,8.0,כפר יחזקאל
1213.0,צבעון,330,,,,צבעון
667.0,ברעם,330,579.0,-0.667,3.0,ברעם
77.0,איילת השחר,330,1456.0,-0.302,4.0,איילת השחר
578.0,סאסא,330,398.0,-0.176,5.0,סאסא
623.0,יראון,330,386.0,0.031,5.0,יראון
76.0,כפר גלעדי,330,644.0,0.134,5.0,כפר גלעדי
35.0,גדות,330,406.0,0.345,6.0,גדות
596.0,מלכייה,330,442.0,0.373,6.0,מלכייה
443.0,כפר הנשיא,330,824.0,0.407,6.0,כפר הנשיא
347.0,מנרה,330,224.0,0.435,6.0,מנרה
408.0,נאות מרדכי,330,534.0,0.449,6.0,נאות מרדכי
308.0,מחניים,330,678.0,0.504,7.0,מחניים
345.0,כפר סאלד,330,589.0,0.533,7.0,כפר סאלד
378.0,משגב עם,330,316.0,0.552,7.0,משגב עם
852.0,גונן,330,329.0,0.589,7.0,גונן
253.0,חולתה,330,575.0,0.589,7.0,חולתה
366.0,שמיר,330,889.0,0.602,7.0,שמיר
302.0,דפנה,330,896.0,0.629,7.0,דפנה
319.0,עמיר,330,524.0,0.655,7.0,עמיר
357.0,כפר בלום,330,666.0,0.663,7.0,כפר בלום
303.0,דן,330,650.0,0.674,7.0,דן
380.0,להבות הבשן,330,854.0,0.676,7.0,להבות הבשן
453.0,יפתח,330,505.0,0.754,7.0,יפתח
385.0,עמיעד,330,421.0,0.767,7.0,עמיעד
416.0,מעיין ברוך,330,735.0,0.781,7.0,מעיין ברוך
356.0,הגושרים,330,707.0,0.832,7.0,הגושרים
329.0,שדה נחמיה,330,1097.0,0.837,7.0,שדה נחמיה
1211.0,קדרים,330,189.0,1.011,8.0,קדרים
1132.0,שניר,330,544.0,1.196,8.0,שניר
371.0,כדורי,340,,,,כדורי
1322.0,הודיות,340,293.0,-2.297,1.0,הודיות
585.0,לביא,330,640.0,-1.109,2.0,לביא
307.0,הזורעים,310,915.0,-0.381,4.0,הזורעים
786.0,כפר זיתים,310,758.0,-0.188,5.0,כפר זיתים
1162.0,בית רימון,330,623.0,0.159,6.0,בית רימון
365.0,בית קשת,330,591.0,0.268,6.0,בית קשת
49.0,אילנייה,310,484.0,0.558,7.0,אילנייה
721.0,שדה אילן,310,541.0,0.691,7.0,שדה אילן
701.0,ארבל,310,673.0,0.95,7.0,ארבל
255.0,כפר חיטים,320,666.0,0.999,8.0,כפר חיטים
1190.0,מצפה נטופה,370,851.0,1.033,8.0,מצפה נטופה
306.0,שדמות דבורה,310,656.0,1.078,8.0,שדמות דבורה
292.0,שרונה,310,581.0,1.092,8.0,שרונה
388.0,כפר קיש,310,520.0,1.119,8.0,כפר קיש
1293.0,גבעת אבני,190,2082.0,1.163,8.0,גבעת אבני
1258.0,מסד,370,354.0,1.293,8.0,מסד
58.0,מצפה,350,144.0,1.325,8.0,מצפה
1262.0,צוקים,370,289.0,0.526,7.0,צוקים
1176.0,ספיר,350,374.0,0.567,7.0,ספיר
806.0,עין יהב,310,665.0,0.66,7.0,עין יהב
13.0,חצבה,310,566.0,0.676,7.0,חצבה
1175.0,עידן,310,360.0,0.936,7.0,עידן
1151.0,פארן,310,435.0,1.217,8.0,פארן
1150.0,צופר,310,394.0,1.275,8.0,צופר
3723.0,פני חבר,370,432.0,-1.077,2.0,פני חבר
3724.0,נגוהות,370,288.0,-0.49,3.0,נגוהות
3748.0,עתניאל,370,909.0,-0.457,3.0,עתניאל
3657.0,מעון,320,502.0,-0.413,4.0,מעון
3756.0,סוסיה,370,1041.0,-0.41,4.0,סוסיה
3719.0,תלם,320,336.0,-0.4,4.0,תלם
3764.0,חגי,370,535.0,-0.234,4.0,חגי
3745.0,מצדות יהודה,320,467.0,-0.031,5.0,מצדות יהודה
3656.0,כרמל,320,407.0,0.013,5.0,כרמל
3784.0,שמעה,370,538.0,0.016,5.0,שמעה
3759.0,אדורה,370,404.0,0.091,5.0,אדורה
3743.0,טנא,370,756.0,0.356,6.0,טנא
3777.0,סנסנה,370,334.0,0.458,6.0,סנסנה
3722.0,אשכולות,370,494.0,0.717,7.0,אשכולות
890.0,כפר הנוער הדתי,340,258.0,-2.403,1.0,כפר הנוער הדתי
990.0,ראס עלי,450,560.0,-1.921,1.0,ראס עלי
1321.0,ח'ואלד,450,458.0,-1.378,2.0,ח ואלד
652.0,אבטין,290,2689.0,-1.359,2.0,אבטין
882.0,אורנים,340,177.0,-0.632,3.0,אורנים
178.0,רמת יוחנן,330,929.0,-0.362,4.0,רמת יוחנן
96.0,יגור,330,1508.0,-0.358,4.0,יגור
237.0,שער העמקים,330,644.0,0.334,6.0,שער העמקים
889.0,כפר חסידים ב',350,256.0,0.53,7.0,כפר חסידים ב
254.0,כפר המכבי,330,371.0,0.721,7.0,כפר המכבי
112.0,כפר חסידים א',310,562.0,0.785,7.0,כפר חסידים א
278.0,אושה,330,462.0,0.873,7.0,אושה
220.0,כפר ביאליק,310,565.0,1.327,8.0,כפר ביאליק
1284.0,נופית,190,2726.0,2.132,9.0,נופית
1197.0,נאות סמדר,330,210.0,-0.93,2.0,נאות סמדר
1156.0,סמר,330,274.0,-0.801,3.0,סמר
1248.0,אליפז,330,129.0,-0.732,3.0,אליפז
866.0,יטבתה,330,657.0,-0.58,3.0,יטבתה
1255.0,לוטן,330,181.0,-0.304,4.0,לוטן
1052.0,קטורה,330,485.0,-0.256,4.0,קטורה
1279.0,נווה חריף,330,110.0,-0.078,5.0,נווה חריף
1126.0,אילות,330,322.0,0.412,6.0,אילות
1266.0,שחרות,370,130.0,0.48,6.0,שחרות
1129.0,גרופית,330,262.0,0.583,7.0,גרופית
21.0,באר אורה,370,617.0,0.84,7.0,באר אורה
1158.0,יהל,330,182.0,0.998,8.0,יהל
848.0,בית רבן,340,1057.0,-1.071,2.0,בית רבן
334.0,קבוצת יבנה,330,935.0,-1.01,2.0,קבוצת יבנה
1094.0,כרם יבנה (ישיבה),340,541.0,-0.813,3.0,כרם יבנה
720.0,ניר גלים,320,1395.0,0.136,5.0,ניר גלים
760.0,בן זכאי,310,1083.0,0.137,5.0,בן זכאי
592.0,בני דרום,320,671.0,0.507,7.0,בני דרום
571.0,בית גמליאל,310,953.0,0.985,8.0,בית גמליאל
88.0,כרם בן שמן,350,,,,כרם בן שמן
1084.0,בן שמן (כפר נוער),340,625.0,-1.621,1.0,בן שמן
2038.0,ברקת,310,1867.0,-0.587,3.0,ברקת
450.0,בארות יצחק,330,415.0,-0.499,3.0,בארות יצחק
1141.0,מבוא מודיעים,370,265.0,-0.372,4.0,מבוא מודיעים
804.0,אחיסמך,310,1349.0,0.103,5.0,אחיסמך
449.0,נחלים,310,1690.0,0.188,6.0,נחלים
604.0,בית עריף,310,1112.0,0.384,6.0,בית עריף
618.0,חדיד,310,866.0,0.506,7.0,חדיד
257.0,נופך,370,544.0,0.552,7.0,נופך
663.0,טירת יהודה,310,1183.0,0.553,7.0,טירת יהודה
745.0,גמזו,310,1165.0,0.666,7.0,גמזו
802.0,"גבעת כ""ח",310,859.0,0.684,7.0,גבעת כ ח
784.0,בית נחמיה,310,887.0,1.288,8.0,בית נחמיה
616.0,רינתיה,310,1134.0,1.307,8.0,רינתיה
863.0,גינתון,310,884.0,1.341,8.0,גינתון
1310.0,לפיד,190,2551.0,1.583,8.0,לפיד
1165.0,שילת,310,679.0,1.618,8.0,שילת
673.0,כפר טרומן,310,882.0,1.669,9.0,כפר טרומן
448.0,בני עטרות,310,995.0,1.719,9.0,בני עטרות
2013.0,בן שמן (מושב),310,855.0,1.742,9.0,בן שמן
606.0,מזור,310,1300.0,1.753,9.0,מזור
1166.0,כפר רות,310,208.0,1.809,9.0,כפר רות
707.0,כפר דניאל,320,726.0,1.844,9.0,כפר דניאל
107.0,כפר סילבר,340,227.0,-1.108,2.0,כפר סילבר
820.0,חלץ,310,449.0,-0.288,4.0,חלץ
746.0,ברכיה,310,1199.0,-0.228,4.0,ברכיה
351.0,ניצן,350,1853.0,-0.026,5.0,ניצן
1419.0,ניצן ב',350,1349.0,0.095,5.0,ניצן ב
747.0,בית שקמה,310,827.0,0.144,5.0,בית שקמה
726.0,הודייה,310,488.0,0.246,6.0,הודייה
791.0,משען,310,1005.0,0.327,6.0,משען
1376.0,באר גנים,370,368.0,0.363,6.0,באר גנים
359.0,ניצנים,330,341.0,0.685,7.0,ניצנים
573.0,מבקיעים,310,395.0,0.74,7.0,מבקיעים
342.0,גברעם,330,372.0,0.793,7.0,גברעם
768.0,כרמייה,330,590.0,0.909,7.0,כרמייה
1323.0,בת הדר,350,704.0,0.936,7.0,בת הדר
358.0,יד מרדכי,330,656.0,0.949,7.0,יד מרדכי
584.0,זיקים,330,625.0,1.041,8.0,זיקים
744.0,תלמי יפה,320,805.0,1.08,8.0,תלמי יפה
824.0,כוכב מיכאל,310,992.0,1.304,8.0,כוכב מיכאל
1242.0,נתיב העשרה,310,805.0,1.477,8.0,נתיב העשרה
706.0,גיאה,310,929.0,1.489,8.0,גיאה
699.0,ניר ישראל,310,853.0,1.531,8.0,ניר ישראל
212.0,בית צבי,340,201.0,-2.903,1.0,בית צבי
102.0,מאיר שפיה,340,317.0,-1.637,1.0,מאיר שפיה
1320.0,עין חוד,450,273.0,-0.917,2.0,עין חוד
427.0,כפר גלים,340,294.0,-0.897,2.0,כפר גלים
694.0,מעגן מיכאל,330,1878.0,-0.853,3.0,מעגן מיכאל
769.0,ניר עציון,320,899.0,-0.697,3.0,ניר עציון
327.0,שדות ים,330,931.0,-0.025,5.0,שדות ים
612.0,צרופה,310,1093.0,0.815,7.0,צרופה
312.0,נווה ים,330,252.0,0.829,7.0,נווה ים
810.0,עופר,310,639.0,0.855,7.0,עופר
317.0,בית אורן,330,452.0,0.975,8.0,בית אורן
53.0,עתלית,180,6814.0,0.983,8.0,עתלית
433.0,נחשולים,330,642.0,1.081,8.0,נחשולים
74.0,עין הוד,370,590.0,1.113,8.0,עין הוד
290.0,מעיין צבי,330,671.0,1.137,8.0,מעיין צבי
33.0,בת שלמה,310,608.0,1.207,8.0,בת שלמה
426.0,עין כרמל,330,894.0,1.257,8.0,עין כרמל
434.0,החותרים,330,720.0,1.294,8.0,החותרים
689.0,מגדים,310,1277.0,1.315,8.0,מגדים
683.0,גבע כרמל,310,1166.0,1.4,8.0,גבע כרמל
738.0,דור,310,398.0,1.433,8.0,דור
800.0,בית חנניה,310,901.0,1.608,8.0,בית חנניה
687.0,עין איילה,310,1127.0,1.687,9.0,עין איילה
580.0,"כרם מהר""ל",310,706.0,1.765,9.0,כרם מהר ל
675.0,הבונים,320,345.0,1.792,9.0,הבונים
1167.0,קיסריה,190,4853.0,2.09,9.0,קיסריה
412.0,קריית שלמה,340,,,,קריית שלמה
287.0,תל יצחק,330,950.0,-0.208,4.0,תל יצחק
842.0,געש,330,682.0,0.329,6.0,געש
232.0,שפיים,330,1208.0,0.781,7.0,שפיים
1024.0,חרוצים,350,876.0,1.026,8.0,חרוצים
417.0,יקום,330,703.0,1.026,8.0,יקום
346.0,גליל ים,330,453.0,1.137,8.0,גליל ים
446.0,אודים,310,1306.0,1.627,9.0,אודים
288.0,בית יהושע,310,1062.0,1.683,9.0,בית יהושע
247.0,רשפון,310,1402.0,1.813,9.0,רשפון
316.0,כפר נטר,310,1157.0,1.941,9.0,כפר נטר
418.0,בני ציון,310,1392.0,2.002,9.0,בני ציון
389.0,בצרה,310,1118.0,2.064,9.0,בצרה
1324.0,ארסוף,350,154.0,2.645,10.0,ארסוף
1339.0,אל -עזי,450,184.0,-1.393,2.0,אל -עזי
2045.0,נחלה,310,588.0,0.423,6.0,נחלה
16.0,בית ניר,330,580.0,0.733,7.0,בית ניר
1133.0,ורדון,350,264.0,0.788,7.0,ורדון
340.0,גת (קיבוץ),330,685.0,0.841,7.0,גת
619.0,בית גוברין,330,436.0,0.885,7.0,בית גוברין
393.0,גלאון,330,378.0,0.927,7.0,גלאון
2046.0,סגולה,310,689.0,0.953,7.0,סגולה
564.0,רבדים,330,653.0,1.011,8.0,רבדים
315.0,נגבה,330,881.0,1.015,8.0,נגבה
293.0,שדה יואב,330,442.0,1.041,8.0,שדה יואב
274.0,כפר מנחם,330,1296.0,1.157,8.0,כפר מנחם
888.0,"כפר הרי""ף",310,852.0,1.671,9.0,כפר הרי ף
875.0,כפר עבודה,340,,,,כפר עבודה
767.0,פורת,310,1206.0,-0.223,4.0,פורת
170.0,כפר יעבץ,310,665.0,0.03,5.0,כפר יעבץ
837.0,עזריאל,310,859.0,0.404,6.0,עזריאל
2002.0,תנובות,310,829.0,0.666,7.0,תנובות
379.0,גאולים,310,896.0,0.846,7.0,גאולים
661.0,שער אפרים,310,1742.0,0.885,7.0,שער אפרים
851.0,ניצני עוז,310,1105.0,0.963,7.0,ניצני עוז
753.0,ינוב,310,909.0,0.985,8.0,ינוב
880.0,עין שריד,350,1566.0,1.174,8.0,עין שריד
447.0,נורדייה,192,1941.0,1.259,8.0,נורדייה
386.0,בני דרור,320,1216.0,1.443,8.0,בני דרור
1044.0,יעף,350,291.0,1.465,8.0,יעף
276.0,צור משה,190,3114.0,1.602,8.0,צור משה
549.0,גנות הדר,350,909.0,1.637,9.0,גנות הדר
187.0,כפר הס,310,1581.0,1.681,9.0,כפר הס
157.0,עין ורד,310,1470.0,1.713,9.0,עין ורד
425.0,משמרת,310,1054.0,1.714,9.0,משמרת
162.0,חירות,310,1266.0,1.778,9.0,חירות
814.0,תלמים,310,896.0,-0.427,3.0,תלמים
32.0,עוצם,310,521.0,-0.402,4.0,עוצם
36.0,שדה דוד,310,378.0,-0.387,4.0,שדה דוד
1369.0,נטע,370,453.0,-0.18,5.0,נטע
1368.0,בני דקלים,370,659.0,0.001,5.0,בני דקלים
2030.0,מנוחה,310,528.0,0.044,5.0,מנוחה
821.0,אחוזם,310,517.0,0.091,5.0,אחוזם
23.0,אמציה,320,569.0,0.092,5.0,אמציה
44.0,זוהר,310,349.0,0.196,6.0,זוהר
55.0,נוגה,310,546.0,0.265,6.0,נוגה
7.0,שחר,310,838.0,0.565,7.0,שחר
309.0,נהורה,350,1136.0,0.613,7.0,נהורה
1365.0,אליאב,370,257.0,0.921,7.0,אליאב
18.0,שדה משה,310,736.0,1.023,8.0,שדה משה
11.0,"ניר ח""ן",310,503.0,1.109,8.0,ניר ח ן
1233.0,שקף,310,382.0,1.126,8.0,שקף
775.0,יד נתן,310,604.0,1.294,8.0,יד נתן
24.0,לכיש,310,712.0,1.783,9.0,לכיש
730.0,אליפלט,310,554.0,0.369,6.0,אליפלט
843.0,מרגליות,310,393.0,0.501,6.0,מרגליות
2009.0,יובל,310,634.0,0.594,7.0,יובל
2063.0,דישון,310,354.0,0.605,7.0,דישון
861.0,שדה אליעזר,310,811.0,0.894,7.0,שדה אליעזר
732.0,משמר הירדן,310,678.0,0.898,7.0,משמר הירדן
1253.0,אמנון,310,289.0,0.937,7.0,אמנון
372.0,רמות נפתלי,310,549.0,0.954,7.0,רמות נפתלי
324.0,שאר ישוב,310,644.0,1.014,8.0,שאר ישוב
1285.0,כרכום,370,564.0,1.186,8.0,כרכום
322.0,בית הלל,310,765.0,1.22,8.0,בית הלל
1252.0,כורזים,350,357.0,1.317,8.0,כורזים
1210.0,כחל,310,358.0,1.452,8.0,כחל
130.0,משמר העמק,330,1216.0,-0.486,3.0,משמר העמק
270.0,עין השופט,330,821.0,-0.423,3.0,עין השופט
369.0,גלעד (אבן יצחק),330,463.0,-0.354,4.0,גלעד
682.0,אליקים,310,857.0,0.044,5.0,אליקים
250.0,הזורע,330,842.0,0.075,5.0,הזורע
703.0,גבעת עוז,330,469.0,0.159,6.0,גבעת עוז
300.0,דלייה,330,792.0,0.313,6.0,דלייה
2029.0,מדרך עוז,310,748.0,0.67,7.0,מדרך עוז
335.0,רמת השופט,330,1011.0,1.015,8.0,רמת השופט
367.0,עין העמק,350,749.0,1.124,8.0,עין העמק
445.0,רמות מנשה,330,1091.0,1.132,8.0,רמות מנשה
586.0,מגידו,330,847.0,1.251,8.0,מגידו
241.0,יקנעם (מושבה),310,1345.0,1.715,9.0,יקנעם
3786.0,אבנת,370,128.0,0.136,5.0,אבנת
3645.0,בית הערבה,330,159.0,0.446,6.0,בית הערבה
3639.0,ורד יריחו,310,239.0,0.508,7.0,ורד יריחו
3556.0,אלמוג,330,207.0,0.577,7.0,אלמוג
3601.0,קליה,330,394.0,0.96,7.0,קליה
3610.0,מצפה שלם,330,173.0,0.977,8.0,מצפה שלם
658.0,שייח' דנון,290,2742.0,-0.916,2.0,שייח דנון
1246.0,עראמשה*,450,1604.0,-0.854,3.0,עראמשה*
376.0,עברון,330,745.0,-0.215,4.0,עברון
1183.0,כליל,370,572.0,0.012,5.0,כליל
785.0,אחיהוד,310,822.0,0.026,5.0,אחיהוד
289.0,עין המפרץ,330,1197.0,0.095,5.0,עין המפרץ
708.0,עמקה,310,644.0,0.159,6.0,עמקה
297.0,כפר מסריק,330,754.0,0.216,6.0,כפר מסריק
572.0,בית העמק,330,511.0,0.31,6.0,בית העמק
313.0,אפק,330,562.0,0.517,7.0,אפק
280.0,חניתה,330,724.0,0.631,7.0,חניתה
409.0,יחיעם,330,587.0,0.687,7.0,יחיעם
576.0,כברי,330,991.0,0.77,7.0,כברי
432.0,שמרת,330,436.0,0.807,7.0,שמרת
595.0,לוחמי הגיטאות,330,532.0,0.909,7.0,לוחמי הגיטאות
463.0,געתון,330,568.0,0.937,7.0,געתון
792.0,נתיב השיירה,310,488.0,0.952,7.0,נתיב השיירה
454.0,סער,330,780.0,0.99,8.0,סער
1143.0,נס עמים,350,181.0,0.996,8.0,נס עמים
1256.0,אשרת,370,465.0,1.058,8.0,אשרת
589.0,בצת,310,250.0,1.077,8.0,בצת
294.0,אילון,330,962.0,1.078,8.0,אילון
390.0,רגבה,320,1038.0,1.133,8.0,רגבה
579.0,כפר ראש הנקרה,330,1271.0,1.151,8.0,כפר ראש הנקרה
559.0,בוסתן הגליל,310,961.0,1.174,8.0,בוסתן הגליל
574.0,גשר הזיו,330,1542.0,1.184,8.0,גשר הזיו
575.0,יסעור,330,697.0,1.185,8.0,יסעור
674.0,לימן,310,729.0,1.194,8.0,לימן
325.0,מצובה,330,1116.0,1.236,8.0,מצובה
712.0,בן עמי,310,745.0,1.328,8.0,בן עמי
1068.0,אדמית,330,175.0,1.523,8.0,אדמית
282.0,שבי ציון,320,1011.0,1.594,8.0,שבי ציון
3648.0,מתתיהו,320,698.0,-1.467,2.0,מתתיהו
3779.0,כוכב יעקב,180,7313.0,-1.446,2.0,כוכב יעקב
3767.0,נחליאל,370,665.0,-1.165,2.0,נחליאל
3752.0,מעלה לבונה,370,766.0,-1.003,2.0,מעלה לבונה
3823.0,גני מודיעין,190,2347.0,-0.745,3.0,גני מודיעין
3576.0,מצפה יריחו,190,2307.0,-0.615,3.0,מצפה יריחו
3641.0,שילה,190,3379.0,-0.528,3.0,שילה
3765.0,עלי,190,4092.0,-0.525,3.0,עלי
3564.0,כוכב השחר,370,1945.0,-0.483,3.0,כוכב השחר
3709.0,מבוא חורון,192,2517.0,-0.458,3.0,מבוא חורון
3658.0,עטרת,370,894.0,-0.443,3.0,עטרת
3788.0,טלמון,190,3704.0,-0.351,4.0,טלמון
3763.0,גבע בנימין,180,5232.0,-0.305,4.0,גבע בנימין
3651.0,מעלה מכמש,370,1351.0,-0.076,5.0,מעלה מכמש
3659.0,פסגות,370,1902.0,-0.071,5.0,פסגות
3617.0,עפרה,190,3189.0,-0.042,5.0,עפרה
3747.0,דולב,370,1302.0,0.119,5.0,דולב
3573.0,חלמיש,370,1278.0,0.32,6.0,חלמיש
3565.0,רימונים,370,598.0,0.526,7.0,רימונים
3575.0,בית חורון,370,1228.0,0.609,7.0,בית חורון
3638.0,כפר אדומים,190,4145.0,0.622,7.0,כפר אדומים
3770.0,חשמונאים,190,2762.0,0.731,7.0,חשמונאים
3787.0,נעלה,350,1573.0,0.782,7.0,נעלה
3715.0,עלמון,370,1286.0,0.846,7.0,עלמון
3644.0,גבעון החדשה,370,1151.0,1.007,8.0,גבעון החדשה
3655.0,"ניל""י",370,1438.0,1.143,8.0,ניל י
3796.0,כפר האורנים,190,2700.0,1.555,8.0,כפר האורנים
886.0,איתנים,340,,,,איתנים
566.0,גבעת שמש,340,,,,גבעת שמש
1144.0,ידידה,340,,,,ידידה
493.0,דייר ראפאת,440,,,,דייר ראפאת
1056.0,"עין כרם-בי""ס חקלאי",340,165.0,-1.903,1.0,עין כרם-בי ס חקלאי
2039.0,קריית יערים (מוסד),340,265.0,-1.543,2.0,קריית יערים
521.0,עין נקובא,290,3064.0,-1.181,2.0,עין נקובא
514.0,עין ראפה,450,1079.0,-0.776,3.0,עין ראפה
1134.0,יד השמונה,320,131.0,-0.538,3.0,יד השמונה
10.0,תירוש,310,474.0,-0.411,4.0,תירוש
465.0,צובה,330,651.0,-0.356,4.0,צובה
751.0,בית מאיר,310,775.0,-0.223,4.0,בית מאיר
127.0,רמת רחל,330,450.0,-0.155,5.0,רמת רחל
805.0,ישעי,310,738.0,-0.134,5.0,ישעי
794.0,עגור,310,521.0,-0.034,5.0,עגור
1123.0,אדרת,310,869.0,0.039,5.0,אדרת
816.0,זנוח,310,510.0,0.084,5.0,זנוח
27.0,שדות מיכה,310,376.0,0.107,5.0,שדות מיכה
776.0,מחסיה,310,434.0,0.165,6.0,מחסיה
39.0,גפן,310,384.0,0.198,6.0,גפן
809.0,נחם,310,510.0,0.214,6.0,נחם
52.0,לוזית,310,653.0,0.23,6.0,לוזית
1071.0,נווה מיכאל,310,544.0,0.28,6.0,נווה מיכאל
740.0,אשתאול,310,1200.0,0.318,6.0,אשתאול
859.0,כסלון,310,429.0,0.368,6.0,כסלון
796.0,צלפון,310,907.0,0.373,6.0,צלפון
799.0,זכריה,310,1039.0,0.4,6.0,זכריה
864.0,בקוע,310,665.0,0.42,6.0,בקוע
59.0,נחושה,310,1240.0,0.439,6.0,נחושה
778.0,תרום,310,802.0,0.447,6.0,תרום
823.0,בר גיורא,310,641.0,0.572,7.0,בר גיורא
752.0,תעוז,310,609.0,0.59,7.0,תעוז
567.0,צרעה,330,906.0,0.619,7.0,צרעה
822.0,מטע,310,897.0,0.65,7.0,מטע
1079.0,צפרירים,310,371.0,0.707,7.0,צפרירים
783.0,אבן ספיר,310,740.0,0.707,7.0,אבן ספיר
780.0,אורה,310,1301.0,0.712,7.0,אורה
1070.0,אביעזר,310,847.0,0.754,7.0,אביעזר
693.0,"נתיב הל""ה",330,596.0,0.791,7.0,נתיב הל ה
825.0,נס הרים,310,1286.0,0.809,7.0,נס הרים
78.0,קריית ענבים,330,466.0,0.951,7.0,קריית ענבים
771.0,מבוא ביתר,320,857.0,0.951,7.0,מבוא ביתר
787.0,גבעת יערים,310,1386.0,0.979,8.0,גבעת יערים
464.0,הראל,330,247.0,0.993,8.0,הראל
777.0,נחשון,330,492.0,1.007,8.0,נחשון
779.0,עמינדב,310,1083.0,1.061,8.0,עמינדב
286.0,מעלה החמישה,330,674.0,1.078,8.0,מעלה החמישה
919.0,גבעת ישעיהו,310,796.0,1.124,8.0,גבעת ישעיהו
742.0,מסילת ציון,310,1263.0,1.222,8.0,מסילת ציון
1113.0,צור הדסה,180,7392.0,1.233,8.0,צור הדסה
1114.0,שריגים (לי-און),350,1011.0,1.252,8.0,שריגים
364.0,כפר אוריה,310,927.0,1.256,8.0,כפר אוריה
672.0,בית נקופה,310,633.0,1.336,8.0,בית נקופה
456.0,שורש,320,1013.0,1.339,8.0,שורש
460.0,רמת רזיאל,310,649.0,1.367,8.0,רמת רזיאל
462.0,טל שחר,310,1287.0,1.39,8.0,טל שחר
208.0,מוצא עילית,350,940.0,1.427,8.0,מוצא עילית
710.0,בית זית,310,1631.0,1.528,8.0,בית זית
1043.0,גיזו,350,188.0,1.581,8.0,גיזו
405.0,נווה אילן,320,926.0,1.612,8.0,נווה אילן
1254.0,נטף,370,378.0,1.618,8.0,נטף
1259.0,נווה שלום,350,265.0,1.752,9.0,נווה שלום
741.0,שואבה,310,580.0,1.815,9.0,שואבה
921.0,שער מנשה,340,,,,שער מנשה
868.0,אלוני יצחק,340,294.0,-2.151,1.0,אלוני יצחק
189.0,כפר פינס,310,994.0,-1.093,2.0,כפר פינס
1316.0,אל -עריאן,450,178.0,-0.705,3.0,אל -עריאן
649.0,מייסר,450,1880.0,-0.483,3.0,מייסר
72.0,גן שמואל,330,856.0,-0.377,4.0,גן שמואל
2024.0,אום אל-קוטוף,450,1037.0,-0.337,4.0,אום אל-קוטוף
1370.0,מצפה אילן,370,317.0,0.153,6.0,מצפה אילן
139.0,עין שמר,330,520.0,0.209,6.0,עין שמר
648.0,מצר,330,394.0,0.487,6.0,מצר
310.0,כפר גליקסון,330,273.0,0.764,7.0,כפר גליקסון
444.0,רגבים,330,416.0,0.818,7.0,רגבים
617.0,ברקאי,330,525.0,0.848,7.0,ברקאי
344.0,מענית,330,676.0,0.898,7.0,מענית
2055.0,מאור,310,1258.0,0.949,7.0,מאור
1243.0,קציר,190,2776.0,0.976,8.0,קציר
375.0,מגל,330,1057.0,1.094,8.0,מגל
2008.0,שדה יצחק,310,586.0,1.119,8.0,שדה יצחק
223.0,עין עירון,310,551.0,1.124,8.0,עין עירון
2003.0,תלמי אלעזר,310,765.0,1.288,8.0,תלמי אלעזר
213.0,משמרות,330,796.0,1.352,8.0,משמרות
225.0,גן השומרון,310,803.0,1.528,8.0,גן השומרון
1128.0,מי עמי,320,331.0,1.564,8.0,מי עמי
715.0,להבות חביבה,330,852.0,1.596,8.0,להבות חביבה
281.0,פקיעין חדשה,310,404.0,0.225,6.0,פקיעין חדשה
1184.0,מתת,370,192.0,0.235,6.0,מתת
795.0,יערה,310,712.0,0.353,6.0,יערה
603.0,אלקוש,310,318.0,0.565,7.0,אלקוש
892.0,עבדון,310,615.0,0.585,7.0,עבדון
1045.0,שתולה,310,275.0,0.619,7.0,שתולה
614.0,שומרה,310,341.0,0.692,7.0,שומרה
1147.0,נטועה,310,277.0,0.723,7.0,נטועה
1220.0,אבירים,370,194.0,0.734,7.0,אבירים
662.0,חוסן,310,997.0,0.754,7.0,חוסן
813.0,עין יעקב,310,987.0,0.756,7.0,עין יעקב
1173.0,לפידות,310,121.0,0.765,7.0,לפידות
1219.0,גורנות הגליל,350,168.0,0.794,7.0,גורנות הגליל
1130.0,כפר רוזנואלד (זרעית),310,249.0,0.796,7.0,כפר רוזנואלד
755.0,גורן,310,441.0,0.838,7.0,גורן
1206.0,גיתה,370,266.0,0.862,7.0,גיתה
774.0,צוריאל,310,312.0,0.907,7.0,צוריאל
1205.0,מנות,310,402.0,0.969,8.0,מנות
1081.0,אבן מנחם,310,264.0,1.043,8.0,אבן מנחם
570.0,מעונה,310,968.0,1.077,8.0,מעונה
1314.0,נווה זיו,370,857.0,1.288,8.0,נווה זיו
1208.0,הילה,370,575.0,1.3,8.0,הילה
1294.0,אור הגנוז,320,454.0,-1.648,1.0,אור הגנוז
607.0,מירון,310,898.0,-1.262,2.0,מירון
1338.0,כדיתה,370,162.0,-1.146,2.0,כדיתה
1191.0,בר יוחאי,370,921.0,-0.685,3.0,בר יוחאי
546.0,עין אל-אסד,450,866.0,-0.561,3.0,עין אל-אסד
688.0,עלמה,310,679.0,-0.336,4.0,עלמה
368.0,בירייה,350,822.0,-0.179,5.0,בירייה
431.0,דלתון,310,869.0,-0.12,5.0,דלתון
1214.0,טפחות,310,464.0,-0.091,5.0,טפחות
605.0,כפר שמאי,310,460.0,0.084,5.0,כפר שמאי
1115.0,אביבים,310,496.0,0.192,6.0,אביבים
846.0,שפר,310,361.0,0.245,6.0,שפר
609.0,כפר חושן,310,714.0,0.305,6.0,כפר חושן
540.0,ריחאנייה,450,1201.0,0.312,6.0,ריחאנייה
1064.0,אמירים,310,789.0,0.427,6.0,אמירים
1067.0,"דוב""ב",310,478.0,0.56,7.0,דוב ב
1047.0,חזון,310,311.0,0.585,7.0,חזון
527.0,שזור,310,304.0,0.632,7.0,שזור
1230.0,לבנים,310,421.0,0.737,7.0,לבנים
1229.0,כלנית,310,195.0,0.757,7.0,כלנית
664.0,כרם בן זמרה,310,445.0,0.786,7.0,כרם בן זמרה
1297.0,כפר חנניה,370,669.0,0.793,7.0,כפר חנניה
599.0,פרוד,330,455.0,1.086,8.0,פרוד
1212.0,עמוקה,370,125.0,1.883,9.0,עמוקה
709.0,תפרח,191,2156.0,-1.846,1.0,תפרח
2021.0,אשל הנשיא,340,244.0,-1.687,1.0,אשל הנשיא
2050.0,"תלמי ביל""ו",310,452.0,0.162,6.0,תלמי ביל ו
750.0,פדויים,310,471.0,0.173,6.0,פדויים
2048.0,ניר עקיבא,310,702.0,0.204,6.0,ניר עקיבא
749.0,פטיש,310,857.0,0.271,6.0,פטיש
2059.0,"פעמי תש""ז",310,504.0,0.312,6.0,פעמי תש ז
762.0,בטחה,310,721.0,0.37,6.0,בטחה
736.0,גילת,310,1323.0,0.548,7.0,גילת
71.0,אשבול,310,490.0,0.551,7.0,אשבול
2049.0,שדה צבי,310,588.0,0.558,7.0,שדה צבי
789.0,רנן,310,608.0,0.656,7.0,רנן
1080.0,מבועים,350,1161.0,0.708,7.0,מבועים
748.0,מסלול,310,778.0,0.782,7.0,מסלול
414.0,קלחים,310,589.0,0.891,7.0,קלחים
2047.0,ניר משה,310,527.0,1.099,8.0,ניר משה
1276.0,אשבל,330,,,,אשבל
1153.0,כישור,330,,,,כישור
1185.0,פלך,330,,,,פלך
1335.0,ערב אל נעים,450,733.0,-2.09,1.0,ערב אל נעים
1317.0,דמיידה,450,463.0,-1.669,1.0,דמיידה
1332.0,חוסנייה,450,651.0,-1.362,2.0,חוסנייה
1245.0,סלמה,290,3083.0,-1.286,2.0,סלמה
1331.0,כמאנה,450,1415.0,-1.056,2.0,כמאנה
1334.0,ראס אל-עין,450,351.0,-0.991,2.0,ראס אל-עין
1203.0,הררית,370,412.0,0.658,7.0,הררית
1178.0,מורשת,370,1424.0,0.735,7.0,מורשת
1188.0,אשחר,370,790.0,0.821,7.0,אשחר
1171.0,לוטם,330,694.0,0.869,7.0,לוטם
1112.0,יודפת,320,710.0,0.897,7.0,יודפת
1172.0,תובל,330,297.0,0.904,7.0,תובל
1163.0,מורן,330,427.0,1.01,8.0,מורן
1275.0,אבטליון,370,381.0,1.036,8.0,אבטליון
1272.0,חלוץ,370,464.0,1.088,8.0,חלוץ
1202.0,מכמנים,370,443.0,1.103,8.0,מכמנים
1201.0,כמון,370,1357.0,1.117,8.0,כמון
1209.0,חרשים,370,290.0,1.134,8.0,חרשים
1180.0,צביה,370,310.0,1.248,8.0,צביה
1207.0,לבון,350,658.0,1.274,8.0,לבון
1235.0,שורשים,320,476.0,1.53,8.0,שורשים
1181.0,טל-אל,370,1110.0,1.623,8.0,טל-אל
1222.0,"מצפה אבי""ב",370,978.0,1.624,9.0,מצפה אבי ב
1160.0,שכניה,370,740.0,1.635,9.0,שכניה
1221.0,צורית,370,763.0,1.762,9.0,צורית
1174.0,מנוף,310,794.0,1.81,9.0,מנוף
1228.0,רקפת,370,905.0,1.848,9.0,רקפת
1179.0,קורנית,370,868.0,1.906,9.0,קורנית
917.0,עצמון שגב,370,1069.0,1.919,9.0,עצמון שגב
1138.0,יעד,310,710.0,1.961,9.0,יעד
1226.0,יובלים,370,1081.0,1.966,9.0,יובלים
1204.0,גילון,370,1082.0,2.078,9.0,גילון
1375.0,אבו תלול,450,,,,אבו תלול
1348.0,ביר הדאג',290,4583.0,-3.11,1.0,ביר הדאג
1347.0,קצר א-סר,450,1406.0,-2.367,1.0,קצר א-סר
1342.0,אבו קורינאת (יישוב),450,1218.0,-2.221,1.0,אבו קורינאת
440.0,יסודות,320,907.0,-1.788,1.0,יסודות
2033.0,בית חלקיה,310,888.0,-1.415,2.0,בית חלקיה
577.0,יד בנימין,190,3833.0,-0.217,4.0,יד בנימין
1372.0,נצר חזני,310,377.0,0.18,6.0,נצר חזני
588.0,בני ראם,310,1353.0,0.346,6.0,בני ראם
363.0,חפץ חיים,330,503.0,0.461,6.0,חפץ חיים
1371.0,גני טל,370,645.0,0.506,7.0,גני טל
1225.0,רביד,330,,,,רביד
264.0,שער הגולן,330,558.0,-0.167,5.0,שער הגולן
273.0,עין גב,330,631.0,-0.135,5.0,עין גב
57.0,כנרת (קבוצה),330,671.0,-0.034,5.0,כנרת
188.0,אשדות יעקב (מאוחד),330,496.0,0.065,5.0,אשדות יעקב
143.0,בית זרע,330,547.0,0.166,6.0,בית זרע
374.0,חוקוק,330,539.0,0.184,6.0,חוקוק
176.0,אפיקים,330,1460.0,0.186,6.0,אפיקים
1105.0,פורייה - נווה עובד,350,1114.0,0.204,6.0,פורייה - נווה עובד
262.0,גינוסר,330,562.0,0.24,6.0,גינוסר
702.0,האון,330,184.0,0.28,6.0,האון
678.0,מעגן,330,353.0,0.331,6.0,מעגן
199.0,אשדות יעקב (איחוד),330,922.0,0.41,6.0,אשדות יעקב
62.0,דגניה א',330,530.0,0.443,6.0,דגניה א
719.0,תל קציר,330,343.0,0.469,6.0,תל קציר
79.0,דגניה ב',330,643.0,0.502,7.0,דגניה ב
263.0,מסדה,330,345.0,0.544,7.0,מסדה
1104.0,פורייה - כפר עבודה,350,371.0,0.608,7.0,פורייה - כפר עבודה
1313.0,פורייה עילית,350,909.0,0.867,7.0,פורייה עילית
330.0,אלומות,330,321.0,0.934,7.0,אלומות
63.0,כנרת (מושבה),350,627.0,1.24,8.0,כנרת
1125.0,אלמגור,310,349.0,1.468,8.0,אלמגור
1154.0,מלכישוע,340,,,,מלכישוע
304.0,שדה אליהו,330,686.0,-1.038,2.0,שדה אליהו
383.0,"עין הנצי""ב",330,609.0,-0.475,3.0,עין הנצי ב
1282.0,מירב,330,670.0,-0.361,4.0,מירב
2016.0,רוויה,310,375.0,-0.244,4.0,רוויה
268.0,טירת צבי,330,752.0,-0.231,4.0,טירת צבי
439.0,שלוחות,330,473.0,0.028,5.0,שלוחות
298.0,מסילות,330,425.0,0.038,5.0,מסילות
265.0,בית יוסף,310,433.0,0.098,5.0,בית יוסף
296.0,נווה איתן,330,324.0,0.154,6.0,נווה איתן
1127.0,מעלה גלבוע,330,671.0,0.161,6.0,מעלה גלבוע
854.0,רחוב,310,356.0,0.163,6.0,רחוב
2026.0,ירדנה,310,344.0,0.224,6.0,ירדנה
1283.0,תל תאומים,370,513.0,0.405,6.0,תל תאומים
48.0,מנחמיה,350,999.0,0.482,6.0,מנחמיה
305.0,גשר,330,416.0,0.5,6.0,גשר
2057.0,שדי תרומות,310,433.0,0.505,7.0,שדי תרומות
256.0,ניר דוד (תל עמל),330,653.0,0.579,7.0,ניר דוד
295.0,כפר רופין,330,404.0,0.595,7.0,כפר רופין
590.0,נווה אור,330,330.0,0.689,7.0,נווה אור
343.0,חמדיה,330,396.0,0.707,7.0,חמדיה
437.0,רשפים,330,734.0,0.757,7.0,רשפים
259.0,שדה נחום,330,569.0,0.77,7.0,שדה נחום
272.0,מעוז חיים,330,461.0,0.81,7.0,מעוז חיים
1318.0,מבואות ים,340,481.0,-1.869,1.0,מבואות ים
186.0,נעורים,340,248.0,-1.155,2.0,נעורים
897.0,מדרשת רופין,340,480.0,-0.391,4.0,מדרשת רופין
252.0,ביתן אהרן,310,361.0,-0.103,5.0,ביתן אהרן
197.0,מעברות,330,962.0,0.119,5.0,מעברות
217.0,"כפר הרא""ה",310,1390.0,0.312,6.0,כפר הרא ה
224.0,שושנת העמקים,350,518.0,0.444,6.0,שושנת העמקים
872.0,גאולי תימן,310,369.0,0.466,6.0,גאולי תימן
204.0,אלישיב,310,728.0,0.543,7.0,אלישיב
173.0,גבעת חיים (מאוחד),330,978.0,0.586,7.0,גבעת חיים
167.0,עין החורש,330,744.0,0.599,7.0,עין החורש
422.0,חרב לאת,310,850.0,0.62,7.0,חרב לאת
194.0,משמר השרון,330,552.0,0.7,7.0,משמר השרון
850.0,אחיטוב,310,1062.0,0.788,7.0,אחיטוב
235.0,חבצלת השרון,310,553.0,0.793,7.0,חבצלת השרון
2018.0,גבעת חיים (איחוד),330,1057.0,0.873,7.0,גבעת חיים
1319.0,בת חפר,180,5448.0,1.129,8.0,בת חפר
2043.0,בחן,330,931.0,1.138,8.0,בחן
377.0,המעפיל,330,796.0,1.142,8.0,המעפיל
698.0,בורגתה,310,1128.0,1.18,8.0,בורגתה
423.0,העוגן,330,844.0,1.187,8.0,העוגן
680.0,אומץ,310,782.0,1.246,8.0,אומץ
758.0,יד חנה,330,800.0,1.32,8.0,יד חנה
205.0,חגלה,310,831.0,1.365,8.0,חגלה
1361.0,בת חן,350,422.0,1.385,8.0,בת חן
697.0,בארותיים,310,1116.0,1.395,8.0,בארותיים
737.0,עולש,310,1067.0,1.414,8.0,עולש
233.0,כפר ידידיה,310,754.0,1.496,8.0,כפר ידידיה
807.0,חניאל,310,931.0,1.531,8.0,חניאל
219.0,חיבת ציון,310,657.0,1.581,8.0,חיבת ציון
175.0,אביחיל,310,1395.0,1.581,8.0,אביחיל
193.0,כפר חיים,310,600.0,1.587,8.0,כפר חיים
382.0,מכמורת,310,1334.0,1.596,8.0,מכמורת
373.0,בית הלוי,310,813.0,1.602,8.0,בית הלוי
1102.0,צוקי ים,350,270.0,1.657,9.0,צוקי ים
387.0,כפר מונש,310,949.0,1.659,9.0,כפר מונש
191.0,הדר עם,310,599.0,1.686,9.0,הדר עם
734.0,גן יאשיה,310,976.0,1.701,9.0,גן יאשיה
326.0,בית יצחק-שער חפר,191,2105.0,1.706,9.0,בית יצחק-שער חפר
200.0,בית ינאי,310,419.0,1.75,9.0,בית ינאי
877.0,בית חירות,320,881.0,1.756,9.0,בית חירות
115.0,חופית,350,739.0,1.77,9.0,חופית
190.0,כפר ויתקין,191,2017.0,1.781,9.0,כפר ויתקין
1077.0,גבעת שפירא,310,398.0,1.878,9.0,גבעת שפירא
353.0,בית זיד,350,,,,בית זיד
942.0,סואעד (חמרייה)*,450,159.0,-1.884,1.0,סואעד *
994.0,מנשית זבדה,450,1212.0,-0.916,2.0,מנשית זבדה
106.0,כפר גדעון,310,332.0,-0.538,3.0,כפר גדעון
142.0,שדה יעקב,310,1133.0,0.207,6.0,שדה יעקב
457.0,גזית,330,650.0,0.356,6.0,גזית
436.0,עין דור,330,972.0,0.401,6.0,עין דור
1249.0,הרדוף,330,921.0,0.475,6.0,הרדוף
407.0,דברת,330,329.0,0.512,7.0,דברת
285.0,אלונים,330,470.0,0.587,7.0,אלונים
126.0,שריד,330,811.0,0.62,7.0,שריד
80.0,נהלל,310,962.0,0.639,7.0,נהלל
66.0,מרחביה (קיבוץ),330,1136.0,0.702,7.0,מרחביה
104.0,מזרע,330,608.0,0.716,7.0,מזרע
92.0,גיניגר,330,646.0,0.784,7.0,גיניגר
134.0,יפעת,330,1023.0,0.791,7.0,יפעת
132.0,כפר ברוך,310,518.0,0.898,7.0,כפר ברוך
135.0,רמת דוד,330,463.0,0.96,7.0,רמת דוד
140.0,כפר יהושע,310,1107.0,1.012,8.0,כפר יהושע
1330.0,אחוזת ברק,190,2095.0,1.06,8.0,אחוזת ברק
1186.0,הושעיה,370,1929.0,1.199,8.0,הושעיה
103.0,תל עדשים,310,1418.0,1.214,8.0,תל עדשים
133.0,גבת,330,849.0,1.254,8.0,גבת
1257.0,חנתון,330,794.0,1.284,8.0,חנתון
94.0,בלפוריה,310,435.0,1.293,8.0,בלפוריה
192.0,כפר החורש,330,607.0,1.308,8.0,כפר החורש
97.0,מרחביה (מושב),310,664.0,1.363,8.0,מרחביה
684.0,היוגב,310,632.0,1.379,8.0,היוגב
613.0,ציפורי,310,832.0,1.437,8.0,ציפורי
248.0,בית שערים,310,747.0,1.442,8.0,בית שערים
677.0,הסוללים,330,907.0,1.55,8.0,הסוללים
1337.0,שמשית,190,2594.0,1.645,9.0,שמשית
1182.0,אלון הגליל,310,1003.0,1.69,9.0,אלון הגליל
430.0,בית לחם הגלילית,310,777.0,1.691,9.0,בית לחם הגלילית
1199.0,עדי,370,1860.0,1.884,9.0,עדי
429.0,אלוני אבא,320,1000.0,1.906,9.0,אלוני אבא
1288.0,גבעת אלה,370,1911.0,2.166,9.0,גבעת אלה
1244.0,תמרת,370,1332.0,2.229,9.0,תמרת
696.0,"כפר חב""ד",180,5968.0,-0.522,3.0,כפר חב ד
797.0,אחיעזר,310,1647.0,-0.394,4.0,אחיעזר
798.0,יגל,310,901.0,0.285,6.0,יגל
594.0,צפרייה,310,924.0,0.293,6.0,צפרייה
788.0,זיתן,310,1045.0,0.309,6.0,זיתן
801.0,חמד,310,1131.0,0.439,6.0,חמד
729.0,משמר השבעה,310,987.0,1.605,8.0,משמר השבעה
836.0,גנות,310,623.0,1.644,9.0,גנות
331.0,ניר צבי,310,1275.0,1.672,9.0,ניר צבי
3620.0,נירן,330,,,,נירן
3713.0,"נעמ""ה",310,,,,נעמ ה
3785.0,משכיות,370,206.0,-1.148,2.0,משכיות
3782.0,רותם,370,168.0,-1.022,2.0,רותם
3607.0,"ייט""ב",320,279.0,-0.888,2.0,ייט ב
3646.0,חמדת,370,233.0,-0.546,3.0,חמדת
3606.0,גלגל,330,171.0,-0.402,4.0,גלגל
3613.0,גיתית,310,376.0,-0.068,5.0,גיתית
3578.0,שדמות מחולה,320,553.0,0.193,6.0,שדמות מחולה
3566.0,יפית,310,149.0,0.211,6.0,יפית
3599.0,מחולה,310,471.0,0.292,6.0,מחולה
3609.0,חמרה,310,127.0,0.756,7.0,חמרה
3614.0,מכורה,310,141.0,0.774,7.0,מכורה
3619.0,רועי,310,162.0,0.904,7.0,רועי
3598.0,ארגמן,310,133.0,1.022,8.0,ארגמן
3612.0,בקעות,310,182.0,1.359,8.0,בקעות
3605.0,משואה,310,148.0,1.393,8.0,משואה
3615.0,פצאל,310,250.0,1.519,8.0,פצאל
3555.0,נתיב הגדוד,310,181.0,1.543,8.0,נתיב הגדוד
3558.0,תומר,310,247.0,1.689,9.0,תומר
1195.0,ניצנה (קהילת חינוך),340,,,,ניצנה
328.0,עזוז,370,,,,עזוז
354.0,רביבים,330,1035.0,-0.54,3.0,רביבים
1340.0,מרחב עם,370,333.0,-0.409,4.0,מרחב עם
885.0,שדה בוקר,330,440.0,-0.282,4.0,שדה בוקר
1278.0,באר מילכה,310,150.0,-0.236,4.0,באר מילכה
421.0,משאבי שדה,330,441.0,-0.095,5.0,משאבי שדה
1260.0,רתמים,370,415.0,0.298,6.0,רתמים
1152.0,אשלים,370,449.0,0.74,7.0,אשלים
1140.0,מדרשת בן גוריון,350,1787.0,0.84,7.0,מדרשת בן גוריון
1291.0,כמהין,310,159.0,0.852,7.0,כמהין
1280.0,ניצני סיני,310,259.0,0.912,7.0,ניצני סיני
1177.0,טללים,330,399.0,0.924,7.0,טללים
1083.0,תושייה,350,1014.0,-0.591,3.0,תושייה
803.0,יושיביה,310,524.0,-0.539,3.0,יושיביה
1146.0,עלומים,330,470.0,-0.416,4.0,עלומים
415.0,שוקדה,310,405.0,-0.089,5.0,שוקדה
419.0,סעד,330,760.0,-0.056,5.0,סעד
2044.0,מלילות,310,276.0,-0.055,5.0,מלילות
2064.0,זרועה,310,352.0,-0.038,5.0,זרועה
761.0,שובה,310,570.0,0.008,5.0,שובה
1065.0,זמרת,310,458.0,0.115,5.0,זמרת
2014.0,גבעולים,310,326.0,0.179,6.0,גבעולים
1082.0,מעגלים,350,1969.0,0.188,6.0,מעגלים
865.0,שיבולים,310,308.0,0.215,6.0,שיבולים
398.0,שרשרת,310,293.0,0.247,6.0,שרשרת
723.0,בית הגדי,310,729.0,0.258,6.0,בית הגדי
1095.0,כפר מימון,310,296.0,0.547,7.0,כפר מימון
665.0,תקומה,310,649.0,1.17,8.0,תקומה
3762.0,איתמר,370,1305.0,-1.355,2.0,איתמר
3749.0,יצהר,370,1380.0,-1.211,2.0,יצהר
3710.0,ברכה,190,2267.0,-0.967,2.0,ברכה
3579.0,אלון מורה,370,1794.0,-0.59,3.0,אלון מורה
3572.0,כפר תפוח,370,970.0,-0.555,3.0,כפר תפוח
3571.0,שבי שומרון,370,879.0,-0.223,4.0,שבי שומרון
3793.0,אבני חפץ,370,1709.0,-0.209,4.0,אבני חפץ
3569.0,מבוא דותן,370,364.0,-0.156,5.0,מבוא דותן
3717.0,חרמש,370,219.0,-0.055,5.0,חרמש
3751.0,מגדלים,370,269.0,-0.017,5.0,מגדלים
3744.0,ברוכין,370,719.0,-0.009,5.0,ברוכין
3795.0,רבבה,370,1974.0,0.012,5.0,רבבה
3712.0,ענב,370,711.0,0.07,5.0,ענב
3822.0,רחלים,370,583.0,0.101,5.0,רחלים
3643.0,חיננית,370,1089.0,0.132,5.0,חיננית
3746.0,קריית נטפים,370,865.0,0.142,5.0,קריית נטפים
3790.0,נופים,350,638.0,0.311,6.0,נופים
3647.0,יקיר,370,1863.0,0.316,6.0,יקיר
3768.0,פדואל,370,1622.0,0.343,6.0,פדואל
3727.0,עלי זהב,370,1300.0,0.348,6.0,עלי זהב
3637.0,מעלה שומרון,370,1015.0,0.489,6.0,מעלה שומרון
3778.0,עץ אפרים,350,1822.0,0.539,7.0,עץ אפרים
3568.0,ריחן,320,213.0,0.556,7.0,ריחן
3791.0,צופים,350,1976.0,0.65,7.0,צופים
3649.0,שקד,370,851.0,0.742,7.0,שקד
3654.0,ברקן,370,1741.0,0.966,8.0,ברקן
3720.0,שערי תקווה,180,5638.0,0.966,8.0,שערי תקווה
3567.0,סלעית,310,693.0,1.675,9.0,סלעית
338.0,איבים,340,277.0,-2.401,1.0,איבים
811.0,יכיני,310,665.0,0.327,6.0,יכיני
336.0,דורות,330,756.0,0.733,7.0,דורות
714.0,ארז,330,487.0,0.799,7.0,ארז
844.0,נחל עוז,330,377.0,0.804,7.0,נחל עוז
348.0,ניר עם,330,491.0,0.868,7.0,ניר עם
362.0,רוחמה,330,568.0,0.897,7.0,רוחמה
424.0,גבים,330,520.0,1.014,8.0,גבים
668.0,מפלסים,330,971.0,1.027,8.0,מפלסים
67.0,אור הנר,330,708.0,1.137,8.0,אור הנר
428.0,ברור חיל,330,880.0,1.151,8.0,ברור חיל
845.0,כפר עזה,330,705.0,1.273,8.0,כפר עזה
766.0,קוממיות,310,534.0,-2.572,1.0,קוממיות
1145.0,אלומה,350,502.0,-1.004,2.0,אלומה
37.0,איתן,310,432.0,-0.423,3.0,איתן
620.0,משואות יצחק,320,705.0,-0.401,4.0,משואות יצחק
400.0,אבן שמואל,350,1535.0,-0.39,4.0,אבן שמואל
818.0,זרחיה,310,693.0,-0.347,4.0,זרחיה
15.0,נועם,310,358.0,-0.282,4.0,נועם
873.0,שלווה,310,430.0,-0.267,4.0,שלווה
826.0,עוזה,310,449.0,-0.199,4.0,עוזה
815.0,זבדיאל,310,470.0,-0.16,5.0,זבדיאל
2051.0,רווחה,310,525.0,-0.087,5.0,רווחה
1098.0,מרכז שפירא,190,2179.0,0.147,5.0,מרכז שפירא
622.0,עין צורים,330,746.0,0.17,6.0,עין צורים
692.0,שפיר,310,842.0,0.696,7.0,שפיר
1261.0,הר עמשא,330,,,,הר עמשא
1057.0,נווה זוהר,350,,,,נווה זוהר
2042.0,עין גדי,330,561.0,-0.093,5.0,עין גדי
1124.0,נאות הכיכר,310,411.0,0.924,7.0,נאות הכיכר
1251.0,עין תמר,310,190.0,1.538,8.0,עין תמר
1054.0,תל שבע,,18671.0,-2.312,1.0,תל שבע
1286.0,שגב-שלום,,9119.0,-2.271,1.0,שגב-שלום
1192.0,ערערה-בנגב,,15813.0,-2.245,1.0,ערערה-בנגב
1303.0,חורה,,19371.0,-2.118,1.0,חורה
3797.0,מודיעין עילית,,64179.0,-2.099,1.0,מודיעין עילית
1059.0,כסיפה,,19025.0,-2.09,1.0,כסיפה
1060.0,לקיה,,11781.0,-1.961,1.0,לקיה
3780.0,ביתר עילית,,49343.0,-1.936,1.0,ביתר עילית
1161.0,רהט,,62375.0,-1.915,1.0,רהט
3660.0,עמנואל,,3253.0,-1.607,2.0,עמנואל
541.0,ג'סר א-זרקא,,13962.0,-1.486,2.0,ג סר א-זרקא
1309.0,אלעד,,44872.0,-1.436,2.0,אלעד
922.0,רכסים,,10682.0,-1.415,2.0,רכסים
510.0,כפר מנדא,,18509.0,-1.373,2.0,כפר מנדא
2710.0,אום אל-פחם,,52500.0,-1.327,2.0,אום אל-פחם
6100.0,בני ברק,,181832.0,-1.307,2.0,בני ברק
511.0,עילוט,,7582.0,-1.268,2.0,עילוט
998.0,ביר אל-מכסור,,8709.0,-1.241,2.0,ביר אל-מכסור
2610.0,בית שמש,,103630.0,-1.214,2.0,בית שמש
522.0,נחף,,12145.0,-1.21,2.0,נחף
538.0,שעב,,6625.0,-1.198,2.0,שעב
1327.0,מעלה עירון,,14140.0,-1.193,2.0,מעלה עירון
483.0,בענה,,7918.0,-1.188,2.0,בענה
532.0,עין מאהל,,12484.0,-1.177,2.0,עין מאהל
975.0,זרזיר,,7460.0,-1.142,2.0,זרזיר
482.0,בועיינה-נוג'ידאת,,9114.0,-1.141,2.0,בועיינה-נוג ידאת
509.0,כפר כנא,,21132.0,-1.139,2.0,כפר כנא
4001.0,בוקעאתא,,6329.0,-1.133,2.0,בוקעאתא
1326.0,"בסמ""ה",,8914.0,-1.132,2.0,בסמ ה
520.0,משהד,,7858.0,-1.095,2.0,משהד
8000.0,צפת,,33330.0,-1.079,2.0,צפת
1137.0,קריית יערים,,3936.0,-1.076,2.0,קריית יערים
627.0,ג'לג'וליה,,9276.0,-1.066,2.0,ג לג וליה
4502.0,עין קנייא,,1945.0,-1.03,2.0,עין קנייא
962.0,טובא-זנגרייה,,6270.0,-1.029,2.0,טובא-זנגרייה
4203.0,מסעדה,,3520.0,-1.023,2.0,מסעדה
8900.0,טמרה,,32048.0,-1.004,2.0,טמרה
1292.0,ג'דיידה-מכר,,20078.0,-0.999,2.0,ג דיידה-מכר
531.0,עראבה,,24072.0,-0.997,2.0,עראבה
978.0,כעביה-טבאש-חג'אג'רה,,4978.0,-0.995,2.0,כעביה-טבאש-חג אג רה
504.0,כאבול,,13209.0,-0.985,2.0,כאבול
638.0,קלנסווה,,21451.0,-0.974,2.0,קלנסווה
4501.0,ע'ג'ר,,2484.0,-0.969,2.0,ע ג ר
481.0,מגאר,,21650.0,-0.968,2.0,מגאר
537.0,פוריידיס,,12389.0,-0.938,2.0,פוריידיס
3000.0,ירושלים,,863795.0,-0.919,2.0,ירושלים
516.0,מג'ד אל-כרום,,14574.0,-0.914,2.0,מג ד אל-כרום
944.0,בסמת טבעון,,7507.0,-0.904,2.0,בסמת טבעון
542.0,ריינה,,18445.0,-0.902,2.0,ריינה
498.0,טורעאן,,13337.0,-0.86,3.0,טורעאן
2730.0,טייבה,,40842.0,-0.848,3.0,טייבה
46.0,יבנאל,,3956.0,-0.844,3.0,יבנאל
913.0,שבלי - אום אל-גנם,,5694.0,-0.832,3.0,שבלי - אום אל-גנם
499.0,יפיע,,18234.0,-0.823,3.0,יפיע
502.0,ירכא,,15872.0,-0.821,3.0,ירכא
1296.0,כסרא-סמיע,,8177.0,-0.821,3.0,כסרא-סמיע
490.0,דייר אל-אסד,,11716.0,-0.813,3.0,דייר אל-אסד
4201.0,מג'דל שמס,,10643.0,-0.8,3.0,מג דל שמס
3611.0,קריית ארבע,,7108.0,-0.796,3.0,קריית ארבע
492.0,דייר חנא,,9831.0,-0.789,3.0,דייר חנא
634.0,כפר קאסם,,21848.0,-0.786,3.0,כפר קאסם
478.0,אכסאל,,13646.0,-0.78,3.0,אכסאל
8800.0,שפרעם,,39883.0,-0.768,3.0,שפרעם
529.0,אעבלין,,12587.0,-0.767,3.0,אעבלין
472.0,אבו גוש,,6895.0,-0.762,3.0,אבו גוש
7500.0,סח'נין,,29316.0,-0.761,3.0,סח נין
473.0,אבו סנאן,,13358.0,-0.753,3.0,אבו סנאן
637.0,ערערה,,23996.0,-0.752,3.0,ערערה
633.0,כפר ברא,,3354.0,-0.724,3.0,כפר ברא
6000.0,באקה אל-גרביה,,28083.0,-0.715,3.0,באקה אל-גרביה
3574.0,בית אל,,6046.0,-0.706,3.0,בית אל
31.0,אופקים,,25614.0,-0.698,3.0,אופקים
246.0,נתיבות,,31234.0,-0.693,3.0,נתיבות
489.0,דבורייה,,9889.0,-0.619,3.0,דבורייה
1247.0,חריש,,969.0,-0.603,3.0,חריש
505.0,כאוכב אבו אל-היג'א,,3356.0,-0.601,3.0,כאוכב אבו אל-היג א
525.0,סאג'ור,,4014.0,-0.597,3.0,סאג ור
480.0,בית ג'ן,,11426.0,-0.597,3.0,בית ג ן
7300.0,נצרת,,75703.0,-0.592,3.0,נצרת
99.0,מצפה רמון,,4997.0,-0.584,3.0,מצפה רמון
1290.0,זמר,,6486.0,-0.574,3.0,זמר
1034.0,קריית מלאכי,,21451.0,-0.544,3.0,קריית מלאכי
1295.0,יאנוח-ג'ת,,6253.0,-0.521,3.0,יאנוח-ג ת
7000.0,לוד,,72578.0,-0.491,3.0,לוד
831.0,ירוחם,,9078.0,-0.485,3.0,ירוחם
517.0,מזרעה,,3649.0,-0.422,4.0,מזרעה
2034.0,חצור הגלילית,,8834.0,-0.416,4.0,חצור הגלילית
6700.0,טבריה,,41814.0,-0.416,4.0,טבריה
7600.0,עכו,,47427.0,-0.39,4.0,עכו
2560.0,ערד,,24313.0,-0.389,4.0,ערד
2720.0,טירה,,24776.0,-0.386,4.0,טירה
496.0,חורפיש,,6077.0,-0.386,4.0,חורפיש
485.0,ג'ולס,,6118.0,-0.378,4.0,ג ולס
2630.0,קריית גת,,51248.0,-0.358,4.0,קריית גת
654.0,כפר קרע,,17640.0,-0.315,4.0,כפר קרע
543.0,ראמה,,7433.0,-0.305,4.0,ראמה
534.0,עספיא,,11785.0,-0.3,4.0,עספיא
2200.0,דימונה,,33021.0,-0.3,4.0,דימונה
8500.0,רמלה,,71207.0,-0.278,4.0,רמלה
494.0,דאלית אל-כרמל,,16778.0,-0.267,4.0,דאלית אל-כרמל
874.0,מגדל העמק,,24865.0,-0.252,4.0,מגדל העמק
628.0,ג'ת,,11164.0,-0.233,4.0,ג ת
9200.0,בית שאן,,17332.0,-0.193,5.0,בית שאן
1031.0,שדרות,,23075.0,-0.165,5.0,שדרות
507.0,כפר יאסיף,,9475.0,-0.154,5.0,כפר יאסיף
70.0,אשדוד,,219590.0,-0.14,5.0,אשדוד
536.0,פקיעין (בוקייעה),,5585.0,-0.127,5.0,פקיעין
4100.0,קצרין,,6913.0,-0.108,5.0,קצרין
2100.0,טירת כרמל,,19317.0,-0.09,5.0,טירת כרמל
530.0,עיילבון,,5471.0,-0.083,5.0,עיילבון
3608.0,מעלה אפרים,,1206.0,-0.065,5.0,מעלה אפרים
6200.0,בת ים,,128639.0,-0.062,5.0,בת ים
7700.0,עפולה,,44687.0,-0.046,5.0,עפולה
7100.0,אשקלון,,130088.0,-0.038,5.0,אשקלון
9600.0,קריית ים,,39134.0,-0.035,5.0,קריית ים
1020.0,אור עקיבא,,17081.0,-0.024,5.0,אור עקיבא
1061.0,נצרת עילית,,40077.0,0.004,5.0,נצרת עילית
2800.0,קריית שמונה,,23055.0,0.016,5.0,קריית שמונה
1063.0,מעלות-תרשיחא,,21180.0,0.022,5.0,מעלות-תרשיחא
65.0,מגדל,,1685.0,0.023,5.0,מגדל
3557.0,קדומים,,4338.0,0.028,5.0,קדומים
3730.0,גבעת זאב,,16123.0,0.032,5.0,גבעת זאב
9000.0,באר שבע,,201814.0,0.034,5.0,באר שבע
508.0,כפר כמא,,3188.0,0.099,5.0,כפר כמא
1066.0,"בני עי""ש",,6919.0,0.107,5.0,בני עי ש
2400.0,אור יהודה,,36068.0,0.171,6.0,אור יהודה
469.0,קריית עקרון,,10718.0,0.182,6.0,קריית עקרון
535.0,פסוטה,,3026.0,0.189,6.0,פסוטה
7400.0,נתניה,,206793.0,0.199,6.0,נתניה
3640.0,קרני שומרון,,6905.0,0.204,6.0,קרני שומרון
812.0,שלומי,,6099.0,0.214,6.0,שלומי
6800.0,קריית אתא,,55242.0,0.228,6.0,קריית אתא
6500.0,חדרה,,88257.0,0.265,6.0,חדרה
1139.0,כרמיאל,,44756.0,0.268,6.0,כרמיאל
2600.0,אילת,,49707.0,0.277,6.0,אילת
3616.0,מעלה אדומים,,37424.0,0.342,6.0,מעלה אדומים
487.0,ג'ש (גוש חלב),,3078.0,0.366,6.0,ג ש
41.0,אליכין,,3424.0,0.379,6.0,אליכין
3570.0,אריאל,,18717.0,0.385,6.0,אריאל
9100.0,נהרייה,,54305.0,0.393,6.0,נהרייה
3650.0,אפרת,,8301.0,0.425,6.0,אפרת
6600.0,חולון,,188637.0,0.502,7.0,חולון
9500.0,קריית ביאליק,,39018.0,0.513,7.0,קריית ביאליק
4000.0,חיפה,,277736.0,0.529,7.0,חיפה
2660.0,יבנה,,42314.0,0.554,7.0,יבנה
8200.0,קריית מוצקין,,40160.0,0.566,7.0,קריית מוצקין
518.0,מעיליא,,3095.0,0.618,7.0,מעיליא
2640.0,ראש העין,,42575.0,0.638,7.0,ראש העין
8400.0,רחובות,,132509.0,0.641,7.0,רחובות
7900.0,פתח תקווה,,229845.0,0.656,7.0,פתח תקווה
565.0,אזור,,12095.0,0.66,7.0,אזור
466.0,בית דגן,,7099.0,0.662,7.0,בית דגן
7800.0,פרדס חנה-כרכור,,37424.0,0.693,7.0,פרדס חנה-כרכור
2550.0,גדרה,,25821.0,0.695,7.0,גדרה
2500.0,נשר,,23419.0,0.711,7.0,נשר
2530.0,באר יעקב,,18273.0,0.735,7.0,באר יעקב
166.0,גן יבנה,,22294.0,0.775,7.0,גן יבנה
240.0,יקנעם עילית,,21383.0,0.812,7.0,יקנעם עילית
168.0,כפר יונה,,21611.0,0.815,7.0,כפר יונה
26.0,ראש פינה,,2908.0,0.825,7.0,ראש פינה
8300.0,ראשון לציון,,243329.0,0.847,7.0,ראשון לציון
3560.0,אלקנה,,3945.0,0.863,7.0,אלקנה
3652.0,בית אריה,,4721.0,0.904,7.0,בית אריה
9400.0,יהוד,,29145.0,1.017,8.0,יהוד מונוסון
8600.0,רמת גן,,152112.0,1.053,8.0,רמת גן
681.0,גבעת שמואל,,25298.0,1.067,8.0,גבעת שמואל
43.0,מטולה,,1614.0,1.082,8.0,מטולה
1015.0,מבשרת ציון,,24295.0,1.101,8.0,מבשרת ציון
29.0,יסוד המעלה,,1644.0,1.148,8.0,יסוד המעלה
3750.0,אלפי מנשה,,7638.0,1.166,8.0,אלפי מנשה
6900.0,כפר סבא,,96509.0,1.176,8.0,כפר סבא
9300.0,זכרון יעקב,,22347.0,1.187,8.0,זכרון יעקב
5000.0,תל אביב -יפו,,431708.0,1.208,8.0,תל אביב -יפו
195.0,קדימה-צורן,,20408.0,1.208,8.0,קדימה-צורן
28.0,מזכרת בתיה,,12698.0,1.251,8.0,מזכרת בתיה
2300.0,קריית טבעון,,17607.0,1.262,8.0,קריית טבעון
8700.0,רעננה,,70285.0,1.273,8.0,רעננה
6400.0,הרצלייה,,91621.0,1.291,8.0,הרצלייה
3760.0,אורנית,,8495.0,1.293,8.0,אורנית
7200.0,נס ציונה,,46535.0,1.309,8.0,נס ציונה
1200.0,מודיעין-מכבים-רעות*,,88748.0,1.336,8.0,מודיעין-מכבים-רעות*
9800.0,בנימינה-גבעת עדה*,,14550.0,1.339,8.0,בנימינה-גבעת עדה*
229.0,גני תקווה,,16042.0,1.358,8.0,גני תקווה
47.0,כפר תבור,,3796.0,1.37,8.0,כפר תבור
122.0,רמת ישי,,7478.0,1.397,8.0,רמת ישי
154.0,תל מונד,,11941.0,1.403,8.0,תל מונד
171.0,פרדסייה,,5563.0,1.453,8.0,פרדסייה
6300.0,גבעתיים,,57493.0,1.455,8.0,גבעתיים
9700.0,הוד השרון,,56267.0,1.512,8.0,הוד השרון
2620.0,קריית אונו,,37714.0,1.519,8.0,קריית אונו
182.0,אבן יהודה,,13125.0,1.535,8.0,אבן יהודה
1268.0,מיתר,,7341.0,1.552,8.0,מיתר
1263.0,כפר ורדים,,5446.0,1.649,9.0,כפר ורדים
1304.0,שוהם,,20403.0,1.674,9.0,שוהם
2650.0,רמת השרון,,44340.0,1.724,9.0,רמת השרון
3769.0,הר אדר,,3858.0,1.768,9.0,הר אדר
1224.0,כוכב יאיר,,9054.0,1.863,9.0,כוכב יאיר
666.0,עומר,,7339.0,1.935,9.0,עומר
1271.0,להבים,,6442.0,2.005,9.0,להבים
267.0,כפר שמריהו,,1785.0,2.522,10.0,כפר שמריהו
587.0,סביון*,,3705.0,2.59,10.0,סביון*
